CTYPE,USER,CASEN,ANSWER_DESC,POINTS_DESC,CONFIDENCE_DESC,TIME_DESC,ANSWER_EKG,POINTS_EKG,CONFIDENCE_EKG,TIME_EKG
DF,61,Case-01,acs,1.0,60,116.29,nstemi,1.0,85,44.17
DF,61,Case-02,gastrointestinal,1.0,85,102.18,gastrointestinal,1.0,65,101.37
DF,61,Case-03,tendomyogenic,1.0,85,81.42,tendomyogenic,1.0,85,31.00
DF,61,Case-07,pericarditis,1.0,50,67.92,pericarditis,1.0,91,34.73
DF,61,Case-08,acs,1.0,70,49.27,acs,1.0,90,33.66
DF,61,Case-09,acs,1.0,75,67.40,acs,1.0,84,36.09
DF,61,Case-12,afib,0.0,50,148.74,transient tachycardia,0.0,60,58.12
DF,61,Case-13,acs,1.0,81,36.46,acs,1.0,90,37.14
DF,61,Case-15,acs,1.0,89,43.97,acs,1.0,90,15.15
DF,61,Case-16,acs,1.0,80,51.14,acs 3vd,1.0,89,23.69
DF,61,Case-17,hyperventilation,0.0,61,81.19,acs,0.5,80,19.97
DF,61,Case-19,acs,1.0,72,50.71,acs,1.0,80,24.21
DF,62,Case-01,acs,1.0,71,21.30,doorgemaakt ip infarct. st depressie lateraal.. dd maag,0.5,72,86.16
DF,62,Case-02,maagklachten,1.0,73,45.87,geen acs.. maagklachten,1.0,85,18.30
DF,62,Case-03,hyperventilatie,1.0,72,26.38,hyperventilatie.. dd le danwel costomyogeen; geen acd,1.0,82,41.53
DF,62,Case-07,pericarditis,1.0,75,31.71,pericarditis,1.0,90,17.48
DF,62,Case-08,iap,1.0,75,31.14,iap: proximale lad letsel,1.0,98,39.35
DF,62,Case-09,pleuritis bij pneumonie,0.0,76,87.01,pericarditis/pleuritis; geen acs ; slecht ecg ,0.0,72,78.04
DF,62,Case-12,acs,0.0,60,45.28,acs dd gastro,0.0,57,40.63
DF,62,Case-13,acs,1.0,73,18.51,geen acs ecg.. markers afwachten,0.0,43,56.08
DF,62,Case-15,iap,1.0,85,18.68,iap,1.0,85,12.06
DF,62,Case-16,acs,1.0,72,62.43,acs met panischemie ecg dd 3vd dd hoofdstam,1.0,80,35.07
DF,62,Case-17,gastro intestinaal/spanning,0.0,71,40.63,gastro intestinaal / spanning: ecg lvh,0.0,77,63.32
DF,62,Case-19,acs,1.0,80,25.08,nstemi.. doorgemaakt posterior infarct op ecg..,0.5,72,75.37
DF,63,Case-01,reflux,0.0,27,148.21,nstemi,1.0,39,41.93
DF,63,Case-02,gastritis,1.0,33,40.38,gastritis,1.0,57,40.66
DF,63,Case-03,tendomyogeen,1.0,35,93.44,tendomyogeen,1.0,41,48.94
DF,63,Case-07,tendomyogeen,0.0,23,77.78,pericarditis,1.0,38,73.92
DF,63,Case-08,acs,1.0,60,69.13,acs,1.0,49,55.13
DF,63,Case-09,acs,1.0,49,52.61,acs,1.0,56,57.76
DF,63,Case-12,af,0.0,51,90.75,.,0.0,35,27.44
DF,63,Case-13,acs,1.0,42,40.52,acs,1.0,41,35.30
DF,63,Case-15,acs,1.0,62,82.10,acs,1.0,48,22.19
DF,63,Case-16,acs,1.0,25,116.77,acs,1.0,55,29.47
DF,63,Case-17,acs,0.5,16,15.92,acs,0.5,41,8.88
DF,63,Case-19,acs,1.0,46,43.49,acs,1.0,33,21.19
DF,64,Case-01,gastritis,0.0,96,93.80,acs,1.0,58,35.77
DF,64,Case-02,gastritis,1.0,69,53.01,gatritis,1.0,79,46.45
DF,64,Case-03,costomyogeen,1.0,99,54.31,costomyogeen,1.0,100,19.78
DF,64,Case-07,pericarditis,1.0,82,42.71,pericarditis,1.0,100,20.75
DF,64,Case-08,acs,1.0,83,29.29,acs,1.0,96,18.90
DF,64,Case-09,acs,1.0,80,47.86,costomyogeen,0.0,24,77.67
DF,64,Case-12,vasovagaal,0.0,95,48.47,vadovagaal,0.0,99,19.52
DF,64,Case-13,oesodagusspasme,0.0,76,53.57,iap,1.0,85,33.62
DF,64,Case-15,acs,1.0,100,37.99,acs,1.0,67,38.03
DF,64,Case-16,acs,1.0,90,13.30,acs,1.0,89,8.57
DF,64,Case-17,gastritis,0.0,90,71.27,acs,0.5,61,24.24
DF,64,Case-19,psychogeen,0.0,99,45.96,psychogeeb,0.0,100,12.56
DF,65,Case-01,recidief infarct,1.0,50,81.18,nstemi,1.0,50,52.24
DF,65,Case-02,gastro-intestinale klachten,1.0,70,87.20,gastro intestinaal,1.0,48,95.15
DF,65,Case-03,hyperventilatie,1.0,65,84.90,pericarditis,0.0,55,49.92
DF,65,Case-07,pericarditis / pleuritis,1.0,60,65.28,stemi,0.0,41,79.40
DF,65,Case-08,myocardinfarct,1.0,75,83.51,3 vatslijden of hs stenose,0.5,60,78.06
DF,65,Case-09,postinfarct hartfalen/ap,0.5,61,58.35,doorgemaakt il infarct,0.0,70,87.63
DF,65,Case-12,type 2 ischemie bij af met bijkomend conversiepauzes,0.0,58,117.63,recidief af met conversie,0.0,51,66.61
DF,65,Case-13,doorgemaakt infarxt,0.0,57,78.13,nstemi,1.0,55,29.70
DF,65,Case-15,recidief infarct,1.0,63,33.99,nstemi,1.0,38,33.95
DF,65,Case-16,recidief infarct,0.5,48,47.66,in stent probleem,0.5,54,51.16
DF,65,Case-17,hyperventilatie,0.0,53,59.81,nstemi,0.5,66,49.00
DF,65,Case-19,iap,1.0,39,47.97,slokdarmspasme,0.0,57,26.87
DF,66,Case-01,acs,1.0,78,71.30,acs,1.0,94,27.49
DF,66,Case-02,maagklachten,1.0,60,104.28,maagklachten,1.0,68,36.82
DF,66,Case-03,pericarditis,0.0,71,79.73,pericarditis,0.0,75,22.77
DF,66,Case-07,pericarditis,1.0,85,52.99,pericarditis,1.0,90,30.56
DF,66,Case-08,instabiele ap,1.0,72,44.80,acs,1.0,90,29.93
DF,66,Case-09,acs,1.0,70,41.33,acs,1.0,34,95.30
DF,66,Case-12,snel af,0.0,35,16.91,paroxysme af,0.0,23,65.91
DF,66,Case-13,acs,1.0,69,23.28,acs,1.0,81,25.01
DF,66,Case-15,acs,1.0,75,32.53,acs,1.0,70,28.17
DF,66,Case-16,acs,1.0,58,69.63,acs,1.0,75,55.67
DF,66,Case-17,slokdarmspasme,0.0,43,81.01,acs,0.5,68,31.93
DF,66,Case-19,iap,1.0,68,36.09,iap,1.0,60,23.56
DF,67,Case-01,acs,1.0,70,107.35,acs,1.0,90,32.71
DF,67,Case-02,maagklachten,1.0,57,8.88,maagklachten,1.0,65,11.64
DF,67,Case-07,pericarditis,1.0,64,25.92,pericarditis,1.0,90,13.13
DF,67,Case-08,acs,1.0,52,30.68,acs,1.0,91,15.42
DF,67,Case-09,acs,1.0,28,65.91,acs,1.0,38,105.71
DF,67,Case-12,acs,0.0,37,93.41,costomyalgeen,0.0,34,33.74
DF,67,Case-13,costomyalgeen,0.0,51,24.39,acs,1.0,71,33.30
DF,67,Case-15,acs,1.0,80,43.24,acs,1.0,70,16.96
DF,67,Case-16,ap,1.0,53,60.28,acs,1.0,65,33.14
DF,67,Case-17,hyperventilatie,0.0,52,41.07,acs,0.5,75,20.88
DF,67,Case-19,acs,1.0,59,42.85,acs,1.0,55,17.55
DF,68,Case-01,nstemi,1.0,50,48.85,nstemi,1.0,60,29.38
DF,68,Case-02,gastro intestinaal,1.0,52,67.66,gi,1.0,72,20.99
DF,68,Case-03,hyperventilatie,1.0,85,36.02,hyperventilatie,1.0,79,24.91
DF,68,Case-07,pericarditis,1.0,55,23.72,pericarditis,1.0,88,20.60
DF,68,Case-08,myocardinfarct,1.0,71,29.79,nstemi,1.0,95,33.81
DF,68,Case-09,pyrosis,0.0,25,95.00,pyrosis,0.0,29,63.95
DF,68,Case-12,myocardinfarct,0.0,36,87.33,myocardinfarct,0.0,26,18.94
DF,68,Case-13,instabiele angina pectoris,1.0,56,57.46,iap,1.0,57,15.37
DF,68,Case-15,myocardinfarct,1.0,43,13.18,myocardinfarct,1.0,44,31.47
DF,68,Case-16,angina pectoris,1.0,62,48.80,angina pectoris,1.0,43,28.88
DF,68,Case-17,pyrosis,0.0,60,41.21,pyrosis,0.0,26,19.78
DF,68,Case-19,myocardinfarct,1.0,28,58.10,myocardinfarct,1.0,37,27.78
DF,69,Case-01,nstemi,1.0,45,156.80,nstemi,1.0,75,68.23
DF,69,Case-02,maagklachten,1.0,68,64.36,maagklachten,1.0,70,38.84
DF,69,Case-03,hvs/ musculoskeletaal,1.0,78,56.31,hvs/ musculoskeletaal,1.0,81,60.46
DF,69,Case-07,musculoskeletaal,0.0,65,53.77,pericarditis,1.0,65,61.30
DF,69,Case-08,iap,1.0,74,75.33,nstemi,1.0,75,68.40
DF,69,Case-09,ambulant doorgemaakt infarct/ nstemi,0.5,58,86.62,iap,1.0,64,106.28
DF,69,Case-12,symptomatisch af,0.0,66,109.93,acs,0.0,33,77.19
DF,69,Case-13,iap/ nstemi,1.0,54,46.07,nstemi,1.0,67,50.02
DF,69,Case-15,acs,1.0,77,95.00,acs,1.0,40,86.29
DF,70,Case-01,reflux,0.0,38,45.40,nstemi,1.0,25,89.69
DF,70,Case-02,pyrosis,1.0,70,67.04,reflex,1.0,50,42.20
DF,70,Case-03,costomyalgeen,1.0,35,57.33,costomyalgeen,1.0,33,24.94
DF,70,Case-07,costomyalgeen,0.0,34,77.74,pericarditis,1.0,50,48.25
DF,70,Case-08,pericarditis,0.0,89,15.02,pericarditis,0.0,52,53.53
DF,70,Case-09,costomyalgeen,0.0,12,78.54,infarct,0.5,16,41.03
DF,70,Case-12,ritme/geleiding,0.0,10,38.62,nstemi,0.0,0,28.67
DF,70,Case-13,acs,1.0,23,46.97,acs,1.0,23,30.15
DF,70,Case-15,nstemi,1.0,51,53.18,acs,1.0,35,34.65
DF,70,Case-16,acs,1.0,36,66.95,pericarditis,0.0,13,36.95
DF,70,Case-17,stress,0.5,20,48.11,acs,0.5,72,16.72
DF,70,Case-19,acs,1.0,63,38.09,acs,1.0,35,21.79
DF,71,Case-01,reflux dd acs,0.0,71,142.30,acs,1.0,70,29.54
DF,71,Case-02,maagklachten,1.0,97,40.52,maagklachten,1.0,78,44.90
DF,71,Case-03,hyperventilatie,1.0,68,24.09,hyperventilatie,1.0,65,19.03
DF,71,Case-07,pericaridits,1.0,64,41.62,pericarditis,1.0,66,17.70
DF,71,Case-08,acs,1.0,71,34.01,acs,1.0,90,23.45
DF,71,Case-09,acs,1.0,77,29.66,acs,1.0,91,29.22
DF,71,Case-12,svt,0.0,68,90.63,svt,0.0,88,24.15
DF,71,Case-13,acs,1.0,73,55.59,acs,1.0,87,19.81
DF,71,Case-15,acs,1.0,100,32.45,acs,1.0,71,16.87
DF,71,Case-16,acs,1.0,74,77.05,panischemie,1.0,87,45.95
DF,71,Case-17,stress,0.5,84,49.81,cardiale ischemie,0.0,73,35.62
DF,71,Case-19,gastritis,0.0,73,31.71,gastritis,0.0,90,20.00
DF,72,Case-01,nste-acs,1.0,40,129.08,nste-acs,1.0,40,84.86
DF,72,Case-02,gastropathie,1.0,70,15.45,geen acs,1.0,49,33.33
DF,72,Case-03,costomyalgene pijn,1.0,80,64.07,geen acs,1.0,80,49.73
DF,72,Case-07,pericarditis,1.0,31,59.78,pericarditis,1.0,80,36.55
DF,72,Case-08,angina pectoris,1.0,60,75.92,nste-acs,1.0,81,60.39
DF,72,Case-09,luchtweginfectie,0.0,50,125.82,luchtweginfectie,0.0,60,89.79
DF,72,Case-12,adpecifieke thoracale pijn,1.0,31,143.64,adpecifieke thoracale pijn,1.0,50,24.95
DF,72,Case-13,angina pectoris,0.5,41,47.88,ancona pectoris,0.5,62,42.28
DF,72,Case-15,acs,1.0,69,88.81,nste-acs,1.0,55,10.96
DF,72,Case-16,angina pectoris,1.0,73,67.35,nste-acs,1.0,57,21.95
DF,72,Case-17,aspecifieke thoracale pijn,1.0,52,50.32,nste-acs,0.5,56,11.42
DF,72,Case-19,nste-acs,1.0,34,24.49,nste-acs,1.0,19,10.49
DF,73,Case-01,nste-acs,1.0,43,151.43,nste-acs,1.0,60,38.10
DF,73,Case-02,pyrosis,1.0,59,49.35,pyrosis/reflux,1.0,70,58.55
DF,73,Case-03,hyperventilatie,1.0,62,37.49,hyperventilatie,1.0,70,48.77
DF,73,Case-07,pericarditis,1.0,70,26.10,pericarditis,1.0,90,29.45
DF,73,Case-08,iap,1.0,65,40.35,nste-acs,1.0,70,54.12
DF,73,Case-09,nste-acs,1.0,50,67.36,stemi,0.0,90,63.07
DF,73,Case-12,reflux,0.0,40,123.97,reflux,0.0,70,39.34
DF,73,Case-13,ap,0.5,61,83.30,ap,0.5,60,43.16
DF,73,Case-15,infarct,1.0,61,63.64,nste-acs,1.0,52,51.44
DF,73,Case-16,iap,1.0,50,48.57,nste-acs panischemie,1.0,80,36.87
DF,73,Case-17,stress,0.5,50,57.86,tako tsubo,0.5,61,25.76
DF,73,Case-19,acs,1.0,61,58.84,nste-acs,1.0,75,25.23
DF,75,Case-01,acs-nstemi,1.0,21,119.38,acs-nsteni,1.0,60,61.45
DF,75,Case-02,reflux/ maagklachten,1.0,40,114.33,reflux/maagklachten,1.0,61,82.80
DF,75,Case-03,tendomyalgeen,1.0,81,66.98,tendomyalgeen,1.0,80,37.89
DF,75,Case-07,pericarditis,1.0,61,47.11,pericarditis,1.0,81,47.87
DF,75,Case-08,acs,1.0,100,55.03,acs-nstemi,1.0,100,43.32
DF,75,Case-09,pneumothorax,0.0,30,42.79,stemi lateraal,0.5,100,51.95
DF,75,Case-12,reflux/ maagklachten,0.0,81,60.45,reflux/maagklachten,0.0,80,16.67
DF,75,Case-13,ap,0.5,51,70.85,ap-klachten,1.0,81,52.33
DF,75,Case-15,acs,1.0,80,52.94,acs-nstemi,1.0,20,36.05
DF,75,Case-16,iap,1.0,41,65.74,acs-nstemi (panischemie,1.0,100,34.22
DF,75,Case-17,slokdarmspasme,0.0,61,53.94,tako-tsubo (cmp),0.0,61,27.31
DF,75,Case-19,acs,1.0,70,34.34,acs,1.0,70,17.61
DF,76,Case-01,nstemi,1.0,64,26.09,nstemi,1.0,66,25.55
DF,76,Case-02,gastro-intestinaal probleem,1.0,91,58.04,gastro-intestinaal probleem,1.0,94,55.40
DF,76,Case-03,hyperventilatie,1.0,97,75.19,hyperventilatie,1.0,98,17.30
DF,76,Case-07,pericarditis,1.0,92,45.82,pericarditis,1.0,100,25.20
DF,76,Case-08,iap,1.0,100,56.79,nstemi,1.0,100,50.86
DF,76,Case-09,nstemi,1.0,90,31.34,subacuut lateraal infarct,0.5,100,24.51
DF,76,Case-15,nstemi,1.0,83,49.28,nstemi/iap,1.0,100,21.07
DF,76,Case-16,angina pectoris,1.0,86,126.78,nstemi panischemie,1.0,89,23.96
DF,76,Case-17,stress,0.5,93,40.45,takotsubo cmp,0.0,81,58.78
DF,76,Case-19,nstemi,1.0,89,28.46,nstemi,1.0,84,26.33
DF,77,Case-01,gastro-intestinaal dd acs,0.0,50,100.14,oud ecg? dd blijft gelijk,0.0,49,86.43
DF,77,Case-02,ge dd acs,0.0,50,61.32,acs,0.0,80,49.82
DF,77,Case-03,le dd acs (scad?),0.0,49,53.32,pericarditis dd le,0.0,49,71.20
DF,77,Case-07,pericarditis,1.0,69,61.15,pericarditis,1.0,92,17.30
DF,77,Case-08,progressief ap (als laatste episode in rust acs),1.0,73,81.91,stemi prox lad/d,1.0,88,50.35
DF,77,Case-09,acs,1.0,70,63.61,doorgemaakt/persisteren acs,1.0,80,57.72
DF,77,Case-12,efo patiënt,0.0,51,124.29,"aspec pob, geen evident acs, geen evidente alternatieve diagnose",1.0,50,64.31
DF,77,Case-13,acs,1.0,49,31.94,acs,1.0,51,57.71
DF,77,Case-15,acs,1.0,70,59.28,acs (iap),1.0,31,33.36
DF,77,Case-16,ap,1.0,49,99.04,acs,1.0,59,25.22
DF,77,Case-17,ge,0.0,45,62.74,ge,0.0,40,40.23
DF,77,Case-19,acs,1.0,72,71.73,acs,1.0,69,15.76
DF,78,Case-01,angina pectoris,1.0,55,67.80,nstemi oud ecg?,0.5,56,24.54
DF,78,Case-02,gastrointestinaal,1.0,73,71.49,acs,0.0,65,68.46
DF,78,Case-03,hyperventilatie,1.0,63,37.92,hyperventilatie dd toch pericarditis anamnese onvolledig,1.0,57,88.82
DF,78,Case-07,pericarditis,1.0,78,55.76,pericarditis,1.0,83,47.02
DF,78,Case-08,acs,1.0,80,41.50,stemi,0.5,73,50.44
DF,78,Case-09,acs,1.0,61,81.42,acs,1.0,69,55.54
DF,78,Case-12,atriumfib,0.0,60,181.10,non cardiale pijn,1.0,57,64.75
DF,78,Case-13,acs,1.0,84,24.05,acs,1.0,75,53.25
DF,78,Case-15,acs,1.0,64,46.14,iap,1.0,78,47.08
DF,78,Case-16,stabiele ap,0.0,59,57.06,acs,1.0,65,35.33
DF,78,Case-17,gastrointestinaal,0.0,64,66.54,acs,0.5,56,38.85
DF,78,Case-19,acs,1.0,69,44.28,acs,1.0,64,27.91
DF,79,Case-01,zuurbranden,0.0,30,17.67,"oud inferolateraal infarct, geen acute ischemie",0.5,49,55.58
DF,79,Case-02,zuurbranden,1.0,54,92.71,pericarditis,1.0,22,54.41
DF,79,Case-03,"aspecifieke thoracale klachten, costomyalgeen",1.0,65,42.56,"aspecifieke thoracale pijnklachten, dd costomyalgeen",1.0,80,46.13
DF,79,Case-07,pericarditis,1.0,98,50.15,pericarditis,1.0,100,33.38
DF,79,Case-08,acuut infarct,1.0,69,38.10,acuut infarct,1.0,100,35.71
DF,79,Case-09,pneumonie,0.0,24,59.24,iap,1.0,14,77.85
DF,79,Case-12,pyrosis,0.0,24,60.84,pyrosis,0.0,32,37.44
DF,79,Case-13,acs,1.0,39,44.52,longembolie,0.0,0,64.62
DF,79,Case-15,infarct,1.0,66,40.47,nstemi,1.0,15,19.44
DF,79,Case-16,ap,1.0,16,33.74,acs,1.0,67,34.99
DF,79,Case-17,stress,0.5,3,62.16,lvh,0.0,17,32.76
DF,79,Case-19,iap,1.0,66,36.11,iap,1.0,71,22.70
DF,80,Case-01,acs,1.0,51,45.04,acs,1.0,64,28.49
DF,80,Case-02,gastro intestinaal,1.0,74,30.30,gastro intestinaal,1.0,78,37.43
DF,80,Case-03,costo myogeen,1.0,73,34.04,costo myogeen,1.0,77,26.27
DF,80,Case-07,costo myogeen,0.0,55,66.67,pericarditis,1.0,77,22.00
DF,80,Case-08,progressieve ap,1.0,61,36.09,acs,1.0,78,41.94
DF,80,Case-09,acs,1.0,49,75.59,acs,1.0,57,48.78
DF,80,Case-12,hypertension,0.0,68,53.72,hypertensie,0.0,39,27.39
DF,80,Case-13,iap,1.0,48,25.19,iap,1.0,59,24.42
DF,80,Case-15,acs,1.0,58,35.57,acs,1.0,62,21.10
DF,80,Case-16,acs,1.0,43,41.15,acs,1.0,57,19.62
DF,80,Case-17,stress,0.5,48,41.16,stress,0.5,54,25.59
DF,80,Case-19,acs,1.0,53,25.09,nstemi,1.0,51,23.10
DF,81,Case-01,acs,1.0,64,169.60,acs,1.0,48,36.59
DF,81,Case-02,gastro-esofagaal,1.0,77,76.24,gastro esofagaal,1.0,73,39.47
DF,81,Case-03,tendomyalgeen,1.0,64,50.16,tendomyalgeen,1.0,86,15.01
DF,81,Case-07,pericarditis,1.0,66,87.23,pericarditis,1.0,98,21.08
DF,81,Case-08,ap,1.0,71,76.63,ap,1.0,77,29.99
DF,81,Case-09,pneumonie,0.0,74,86.56,pneumonie,0.0,62,60.87
DF,81,Case-12,hvs,0.0,79,106.09,hvs,0.0,90,20.69
DF,81,Case-13,tendomyalgeen,0.0,64,91.24,tendomyalgeen,0.0,66,18.59
DF,81,Case-15,iap,1.0,64,69.87,iap,1.0,59,26.99
DF,81,Case-16,ap,1.0,73,35.54,ap,1.0,68,16.33
DF,81,Case-17,oesofagus spasme,0.0,62,86.27,ap,0.5,18,12.81
DF,81,Case-19,iap,1.0,76,30.86,iap,1.0,79,8.87
DF,82,Case-01,reflux,0.0,36,118.08,nstemi,1.0,49,52.51
DF,82,Case-02,reflux,1.0,79,47.21,reflux,1.0,50,66.00
DF,82,Case-03,myalgeen,1.0,63,16.03,myalgeen,1.0,60,39.30
DF,82,Case-07,pericarditis,1.0,83,60.26,pericarditis,1.0,100,28.56
DF,82,Case-08,ap,1.0,89,63.06,prox lad,1.0,100,67.46
DF,82,Case-09,iap,1.0,82,35.35,lateraal doorgemaakt infarct,0.5,100,62.38
DF,82,Case-12,av blok,0.0,62,71.83,av blok,0.0,66,41.83
DF,82,Case-13,ap,0.5,64,38.08,svt,0.0,51,90.96
DF,82,Case-15,iap,1.0,61,69.34,iap,1.0,50,21.57
DF,82,Case-16,ap,1.0,44,42.97,ap,1.0,42,13.24
DF,82,Case-17,le,0.0,33,44.13,iap,0.0,66,28.03
DF,82,Case-19,iap,1.0,68,28.51,ip infarct doorgemaakt,0.5,62,43.52
DF,83,Case-01,acs,1.0,91,89.84,acs,1.0,92,40.72
DF,83,Case-02,acs,0.0,80,50.07,inferior cx infarct,0.0,71,30.71
DF,83,Case-03,costomyalgeen,1.0,90,46.80,costomyalgeen,1.0,100,34.71
DF,83,Case-07,pericarditis,1.0,74,28.00,pericarditis,1.0,95,24.66
DF,83,Case-08,acs,1.0,83,31.94,acs,1.0,89,51.82
DF,83,Case-09,acs,1.0,81,50.49,subacuut inferolateraal infarct,0.5,100,56.18
DF,83,Case-12,acs,0.0,60,88.35,acs,0.0,50,44.11
DF,83,Case-13,acs,1.0,70,32.58,acs,1.0,90,38.66
DF,83,Case-15,acs,1.0,91,26.57,acs,1.0,88,19.02
DF,83,Case-16,acs,1.0,90,27.78,ip ischaemie,1.0,100,50.68
DF,83,Case-17,acs,0.5,90,41.02,acs,0.5,91,29.96
DF,83,Case-19,acs,1.0,70,31.08,acs,1.0,71,16.98
DF,84,Case-01,acs,1.0,28,99.59,acs,1.0,55,53.17
DF,84,Case-02,castro oesofageaal,1.0,62,76.09,castro oesofageaal,1.0,74,30.70
DF,84,Case-03,tendomyogen,1.0,63,42.09,tendomyogeen,1.0,67,23.31
DF,84,Case-07,pericarditis,1.0,52,53.52,pericarditis,1.0,69,15.63
DF,84,Case-08,instabiele ap/acs,1.0,60,78.04,acs,1.0,78,49.87
DF,84,Case-09,pneumonie,0.0,61,77.97,pneumonie,0.0,67,58.27
DF,84,Case-12,hyperventilatie,0.0,60,145.65,hyperventilatie,0.0,67,26.49
DF,84,Case-13,acs,1.0,80,26.90,acs,1.0,76,17.13
DF,84,Case-15,acs,1.0,74,30.13,acs,1.0,69,12.69
DF,84,Case-16,angina pectoris,1.0,64,77.68,acs,1.0,68,24.06
DF,84,Case-17,niet cardiaal,1.0,67,131.17,ap,0.5,34,24.48
DF,84,Case-19,acs,1.0,63,26.24,acs,1.0,56,13.76
DF,85,Case-01,acs,1.0,80,150.95,nstemi,1.0,70,66.83
DF,85,Case-02,gastro intestinaal,1.0,95,72.68,pericarditis,1.0,70,49.57
DF,85,Case-03,atypische thoracale pijnklachten,1.0,85,58.43,vroege repolarisatie,1.0,85,29.07
DF,85,Case-07,pericarditis,1.0,91,30.79,pericarditis,1.0,95,31.82
DF,85,Case-08,iap,1.0,80,53.28,anterior infarct,1.0,95,108.69
DF,85,Case-09,pneumonie,0.0,70,103.16,pneumonie,0.0,85,92.73
DF,85,Case-12,snel af,0.0,90,66.24,snel af met conversie pauze,0.0,80,35.53
DF,85,Case-13,atypische thoracale pijnklachten,0.0,70,49.62,sinusbradycardie met linker atriumfilatatie,0.0,70,89.38
DF,85,Case-15,iap/acs,1.0,80,56.26,iap,1.0,75,31.45
DF,85,Case-16,ap,1.0,70,54.37,nstemi,1.0,80,77.77
DF,85,Case-17,reflux,0.0,70,132.15,lvh met strain en mogelijk subendocardiale ischemie,0.0,75,45.61
DF,85,Case-19,acs,1.0,72,21.14,nstemi,1.0,72,18.61
EF,86,Case-01,acs,1.0,70,126.70,acs,1.0,70,45.66
EF,86,Case-02,maagklachten,1.0,60,80.00,pericarditis,1.0,75,29.42
EF,86,Case-03,"aspecifieke pijn, dd hvs",1.0,100,39.66,normal,1.0,89,26.60
EF,86,Case-07,pericarditis,1.0,80,55.28,pericarditis,1.0,77,24.48
EF,86,Case-08,angina pectoris,1.0,75,43.61,lvh strain.,0.0,81,29.71
EF,86,Case-09,doorgemaakt infarct,0.0,90,33.17,doorgemaakt infarct.,0.5,19,89.99
EF,86,Case-12,paf,0.0,51,64.10,normal ecg,1.0,100,30.32
EF,86,Case-13,acs,1.0,67,26.11,"prolonged qt, nonspecific st abnormalities",0.0,71,60.70
EF,86,Case-15,acs,1.0,86,44.32,normal,0.0,100,35.04
EF,86,Case-16,iap,1.0,86,31.34,"sinus tachycardia, nonspecific st changes",0.5,70,58.74
EF,86,Case-17,angina pectoris,0.5,47,41.72,"strain, short pr without pre-excitation",0.0,78,79.69
EF,86,Case-19,iap,1.0,46,41.63,hypertension,0.0,47,53.03
EF,88,Case-01,stabiele angina pectoris,0.5,71,204.06,stabiele angina pectoris,0.5,70,67.41
EF,88,Case-02,galstenen,0.0,70,68.65,pericarditis,1.0,60,95.85
EF,88,Case-03,tendomyogene klachten,1.0,60,70.13,pericarditis,0.0,50,100.66
EF,88,Case-07,pericarditis,1.0,100,31.50,pericarditis,1.0,60,38.87
EF,88,Case-08,acuut myocard infarct,1.0,100,34.00,stemi posterior,0.0,80,44.90
EF,88,Case-09,longembolie,0.0,80,39.11,longembolie,0.0,70,78.41
EF,88,Case-12,paf,0.0,80,95.45,niet cardinals diagnose,1.0,51,44.20
EF,88,Case-13,nstemi,1.0,70,64.58,mitralisinsufficientie,0.0,60,40.78
EF,88,Case-15,instabiele ap,1.0,100,49.89,normaal ecg,1.0,80,28.68
EF,88,Case-16,hoofdstad stenose,1.0,81,29.47,type 2 ischemie,0.5,80,32.87
EF,88,Case-17,tako tsubo,0.5,100,50.76,lvh,0.0,70,31.42
EF,88,Case-19,nstemi,1.0,74,56.05,nstemi,1.0,75,90.34
EF,90,Case-01,acs,1.0,64,167.63,inferolaterale ischemie,0.5,55,50.52
EF,90,Case-02,gastro intestinaal,1.0,76,135.63,acs,0.0,58,40.28
EF,90,Case-03,niet cardiaal,1.0,81,51.23,ischemie,0.0,70,87.60
EF,90,Case-07,pericarditis,1.0,91,47.02,pericarditis,1.0,57,97.70
EF,90,Case-08,acs,1.0,92,48.27,acs,1.0,86,62.71
EF,90,Case-09,longembolie,0.0,95,37.54,longembolie,0.0,80,108.90
EF,90,Case-12,stress gerelateerde klachten,0.0,77,51.21,niet cardiaal,1.0,72,33.35
EF,90,Case-13,panischemie,0.5,63,57.99,panischemie,0.5,60,104.78
EF,90,Case-15,nstemi,1.0,74,109.87,acs,1.0,59,38.99
EF,90,Case-16,acs,1.0,88,28.22,acs,1.0,63,20.03
EF,90,Case-17,panischemie,0.0,76,26.01,panischemie,0.0,59,24.11
EF,90,Case-19,nstemi,1.0,63,49.11,niet cardiaal,0.0,51,35.21
EF,91,Case-01,acs,1.0,48,79.93,acs,1.0,50,49.75
EF,91,Case-02,gerd,1.0,59,100.78,acs,0.0,61,57.53
EF,91,Case-03,functional,1.0,47,93.20,acs,0.0,48,58.55
EF,91,Case-07,pericarditis,1.0,82,70.76,acs,0.0,86,18.21
EF,91,Case-08,acs,1.0,62,37.26,acs,1.0,42,51.02
EF,91,Case-09,le,0.0,51,22.65,le,0.0,63,32.56
EF,91,Case-12,functional,1.0,52,59.48,acs,0.0,42,21.91
EF,91,Case-13,acs,1.0,61,33.22,la dilation,0.5,53,99.44
EF,91,Case-15,acs,1.0,53,59.06,acs,1.0,49,16.12
EF,91,Case-16,acs,1.0,65,56.73,"acs ,",1.0,54,31.70
EF,91,Case-17,functional,1.0,29,41.89,acs,0.5,53,23.36
EF,91,Case-19,acs,1.0,66,65.37,copd,0.0,31,73.27
EF,92,Case-01,nstemi,1.0,62,207.53,nstemi,1.0,63,82.79
EF,92,Case-02,dyspepsie,1.0,41,80.36,pericarditis,1.0,36,39.63
EF,92,Case-03,hvs,1.0,35,44.95,pericarditis,0.0,37,78.36
EF,92,Case-07,pericarditis,1.0,66,43.29,acs,0.0,23,108.83
EF,92,Case-08,nstemi,1.0,77,28.79,nstemi,1.0,41,25.01
EF,92,Case-09,acs,1.0,66,38.93,acs,1.0,53,37.92
EF,92,Case-12,functioneel,1.0,33,90.95,functioneel,1.0,58,49.85
EF,92,Case-13,acs,1.0,36,70.52,acs,1.0,34,50.18
EF,92,Case-15,acs,1.0,62,73.63,functioneel,0.0,26,33.29
EF,92,Case-16,3-vatslijden,1.0,79,70.74,3-vatslijden,1.0,35,70.26
EF,92,Case-17,functioneel,1.0,54,50.76,strain,0.0,58,44.32
EF,92,Case-19,acs,1.0,56,42.29,acs,1.0,35,29.48
EF,93,Case-01,nstemi,1.0,69,40.37,nstemi,1.0,66,137.13
EF,93,Case-02,ge reflux,1.0,79,103.26,ge reflux,1.0,80,55.59
EF,93,Case-03,hyperventilatie,1.0,86,131.05,lvh,0.0,70,55.95
EF,93,Case-07,pericarditis,1.0,68,60.69,pericarditis,1.0,66,133.08
EF,93,Case-08,iap,1.0,74,69.91,infarct,1.0,70,85.66
EF,93,Case-09,longembolie,0.0,31,135.64,longembolie,0.0,24,146.00
EF,93,Case-12,atypisch,1.0,76,125.44,atypisch,1.0,46,64.66
EF,93,Case-13,nstemi,1.0,36,52.69,la dilatatie,0.0,48,57.14
EF,93,Case-15,iap,1.0,59,64.63,normaal,0.0,49,26.99
EF,93,Case-16,acs,1.0,86,50.42,nstemi,1.0,73,33.51
EF,93,Case-17,ap,0.5,59,15.68,ischemie,0.0,68,26.05
EF,94,Case-01,acs,1.0,49,45.25,history of myocardial infarction,1.0,30,137.66
EF,94,Case-02,pyrosis,1.0,70,52.57,early repolarization inferior,1.0,50,108.65
EF,94,Case-03,costomyalgeen,1.0,60,108.89,pericarditis,0.0,39,79.89
EF,94,Case-07,pericarditis,1.0,80,33.19,pericarditis,1.0,80,32.79
EF,94,Case-08,acs,1.0,80,31.46,acs,1.0,60,61.79
EF,94,Case-09,acs,1.0,51,117.61,longembolie,0.0,76,70.70
EF,94,Case-12,nstemi,0.0,32,48.59,"normal ecg, hangt af van anamnese",1.0,100,66.19
EF,94,Case-13,nstemi,1.0,75,27.66,nstemi,1.0,30,70.85
EF,94,Case-15,acs,1.0,61,36.70,early repolarization,0.5,73,33.92
EF,94,Case-16,acs,1.0,70,22.99,acs,1.0,37,53.71
EF,94,Case-17,acs,0.5,89,19.76,acs,0.5,58,20.21
EF,94,Case-19,nstemi,1.0,48,26.10,wpw?,0.0,16,78.13
EF,95,Case-01,"pyrosis/gerd, in het verleden doorgemaakt ipl infarct",0.0,90,225.12,doorgemaakt inferolateraal infarct,0.5,85,76.12
EF,95,Case-02,pericarditis,1.0,80,105.89,pericarditis,1.0,95,28.95
EF,95,Case-03,costomyogene klachten met op ecg vroege repolarisatie,1.0,70,87.34,pericarditis,0.0,70,101.86
EF,95,Case-07,pericarditis,1.0,100,14.76,pericarditis,1.0,90,41.99
EF,95,Case-08,voorwandinfarct,1.0,80,64.03,de winters t toppen,1.0,70,91.59
EF,95,Case-09,longembolie,0.0,60,146.98,longembolie,0.0,69,86.03
EF,95,Case-12,atypische thoracale pijn,1.0,80,53.08,normaal ecg,1.0,79,41.26
EF,95,Case-13,nstemi,1.0,81,15.82,"la dilatatie, vlakke repolarisatie, mogelijk nstemi",0.5,65,88.22
EF,95,Case-15,nste-acs,1.0,75,34.39,vroege repolarisatie,0.5,76,40.98
EF,95,Case-16,nste-acs,1.0,89,21.11,nste-acs,1.0,86,43.99
EF,95,Case-17,takotsubo,0.5,54,26.12,nste-acs,0.5,89,21.98
EF,95,Case-19,nste-acs,1.0,82,58.68,preexcitatie,0.0,81,51.97
EF,96,Case-01,doorgemaakt inferior infarct,0.5,60,141.08,pyrosis,0.0,68,114.38
EF,96,Case-02,gastritis/reflux/ ulcer,1.0,84,96.19,pericarditis,1.0,50,98.11
EF,96,Case-03,aspecifiek,1.0,30,82.11,pericarditis,0.0,40,65.59
EF,96,Case-07,stemi,0.0,35,35.77,stemi,0.0,48,105.60
EF,96,Case-08,stemi,0.5,43,43.67,proximale lad occlusie,1.0,22,72.16
EF,96,Case-09,lateraal infarct,0.5,32,30.29,lateraal infarct,0.5,37,69.61
EF,96,Case-12,atypische thoracale pijn,1.0,53,109.73,normaal,1.0,45,66.29
EF,96,Case-13,nstemi,1.0,52,33.04,nstemi,1.0,49,63.61
EF,96,Case-15,nstemi/iap,1.0,39,149.07,niet cardiaal,0.0,49,6.87
EF,96,Case-16,ap,1.0,41,114.56,demand ischemie,0.5,42,65.78
EF,96,Case-17,dhje,0.0,42,40.22,strain,0.0,53,66.57
EF,97,Case-01,nstemi,1.0,69,62.91,nstemi,1.0,22,61.31
EF,97,Case-02,pyrosis,1.0,83,64.19,vroege repolarisatie/pericarditis,0.5,22,61.16
EF,97,Case-03,costomyalgeen,1.0,92,31.14,vroege repolarisatie,1.0,26,79.23
EF,97,Case-07,pericarditis,1.0,83,34.29,pericarditis of negroïde patiënt,1.0,23,86.20
EF,97,Case-08,nstemi drievatijden,0.5,90,23.90,drievatslijden nstemi,0.5,54,118.39
EF,97,Case-09,doorgemaakt lateraal infarct,0.0,90,48.66,lateraal infarct,0.5,48,91.11
EF,97,Case-12,"hypertensie, geen acs",0.0,78,62.19,"geen acs, misschien lvh",0.0,61,37.83
EF,97,Case-13,ap,0.5,86,62.32,nstemi,1.0,38,70.33
EF,97,Case-15,iap,1.0,36,102.46,normaal ecg,1.0,93,50.00
EF,97,Case-16,drievatslijden,1.0,92,32.64,drievatslijden,1.0,69,47.11
EF,97,Case-17,myalgeen/stress,0.0,57,71.29,drievatslijden,0.0,53,42.15
EF,97,Case-19,iap/nstemi,1.0,84,39.69,mogelijk doorgemaakt inferior ischemie,0.5,26,70.05
EF,98,Case-01,nstemi,1.0,73,92.98,nstemi,1.0,52,191.34
EF,98,Case-03,pericarditis,0.0,60,44.44,pericarditis,0.0,44,31.93
EF,98,Case-07,pericarditis,1.0,82,53.21,pericarditis,1.0,40,125.77
EF,98,Case-08,acs,1.0,84,39.54,nstemi,1.0,30,65.68
EF,98,Case-09,lateraal infarct,0.5,83,34.85,lateraal infarct,0.5,25,96.84
EF,98,Case-12,iap/nstemi,0.0,35,95.69,niet cardiale klachten,1.0,29,30.03
EF,98,Case-13,acs,1.0,80,50.75,acs,1.0,16,139.30
EF,98,Case-15,nstemi,1.0,69,48.80,niet cardiale klachten,0.0,20,73.51
EF,98,Case-16,niet cardiale klachten,0.0,63,54.02,niet cardiaal,0.0,16,58.68
EF,98,Case-17,slokdarm spasme,0.0,17,58.16,acs,0.5,24,41.05
EF,98,Case-19,acs,1.0,62,42.94,longembolie,0.0,25,31.75
EF,99,Case-01,nstemi,1.0,85,82.63,nstemi met inferolateraal neg t's,1.0,80,104.80
EF,99,Case-02,reflux/gastritis,1.0,75,79.18,pericarditis,1.0,90,78.65
EF,99,Case-03,"ber (vroege repolarisatiestoornis)op ecg, aspecifieke thoracale klachten",1.0,100,64.80,ber (vroege repolarisatiestoornis),1.0,85,64.91
EF,99,Case-07,pericarditis,1.0,70,49.00,stemi,0.0,60,226.96
EF,99,Case-08,acs,1.0,80,75.69,acs,1.0,75,62.25
EF,99,Case-09,stemi,0.0,70,56.84,stemi lateraal,0.5,100,64.34
EF,99,Case-12,paf,0.0,60,122.25,normaal ecg,1.0,94,55.41
EF,99,Case-13,nstemi,1.0,75,30.63,la dilatatie en neg t's lateraal,0.5,80,69.98
EF,99,Case-15,nstemi,1.0,95,30.68,normaal ecg,1.0,95,119.47
EF,99,Case-16,acs,1.0,90,26.32,3 vd of hs stenose,1.0,85,47.40
EF,99,Case-17,spanning,0.5,80,31.52,lvh,0.0,60,29.14
EF,99,Case-19,nstemi,1.0,69,34.46,normaal ecg,0.0,71,23.96
EF,100,Case-01,mogelijk nstemi,1.0,53,149.43,doorgemaakt onderwand infarct,0.5,60,66.39
EF,100,Case-02,reflux,1.0,90,127.28,geen cardiale acute pathologie,0.0,55,60.22
EF,100,Case-03,atypische thor klachten,1.0,86,90.99,geen stemi,1.0,62,80.43
EF,100,Case-07,pericarditis,1.0,100,48.03,pericarditis,1.0,63,40.22
EF,100,Case-08,iap,1.0,74,76.73,atypisch,0.0,23,87.55
EF,100,Case-09,nstemi,1.0,52,114.75,geen acute pathologie,0.0,39,62.69
EF,100,Case-12,niet cardiaal,1.0,80,74.50,niet cardiaal,1.0,59,34.09
EF,100,Case-13,mogelijk ap/iap,0.5,40,109.49,la vergroting en neg t inf/lat,0.5,56,78.20
EF,100,Case-15,nstemi,1.0,52,85.84,niet cardiaal,0.0,42,21.02
EF,100,Case-16,ap,1.0,58,66.20,st depressie v2-v4,1.0,57,97.48
EF,101,Case-01,doorgemaakt infero posterior infarct,0.5,83,60.10,doorgemaakt infarct,1.0,71,75.67
EF,101,Case-02,reflux,1.0,83,78.54,inferior stemi,0.0,86,61.79
EF,101,Case-03,niet cardiale klachten,1.0,78,62.04,stemi onderwand,0.0,46,102.62
EF,101,Case-07,pericarditis,1.0,82,44.06,pericarditis,1.0,80,30.23
EF,101,Case-08,nstemi,1.0,70,48.17,nstemi,1.0,65,96.72
EF,101,Case-09,stemi lateraal,0.5,84,55.20,stemi lateraal,0.5,83,80.94
EF,101,Case-12,brady tachy,0.0,65,86.44,normaal ecg,1.0,61,66.26
EF,101,Case-13,niet cardiaal,0.0,74,70.65,nstemi,1.0,73,121.98
EF,101,Case-15,nstemi,1.0,66,46.70,pericarditis,0.0,59,46.23
EF,101,Case-16,stemi rv,0.0,69,29.20,rv infarct,0.0,58,56.35
EF,101,Case-17,nstemi,0.5,48,35.81,nstemi,0.5,25,52.98
EF,101,Case-19,nstemi,1.0,58,20.93,niet cardiaal,0.0,33,48.03
EF,102,Case-01,angina pectoris of pyrosis,0.5,50,105.62,doorgemaakt inferolateraal infarct,0.5,30,70.35
EF,102,Case-02,reflux,1.0,60,50.40,inferior stemi,0.0,25,126.37
EF,102,Case-03,costo-myalgeen,1.0,60,31.31,stemi,0.0,25,59.22
EF,102,Case-07,pericarditis,1.0,70,34.11,stemi,0.0,40,55.09
EF,102,Case-08,stemi septaal,0.5,60,75.91,stemi septaal,0.5,45,55.81
EF,102,Case-09,doorgemaakt myocardinfarct lateraal,0.0,30,63.55,misschien stemi lateraal,0.5,25,69.04
EF,102,Case-12,nstemi,0.0,50,47.77,geen ischemie,1.0,35,41.83
EF,102,Case-13,nstemi,1.0,25,68.19,nstemi,1.0,40,51.57
EF,102,Case-15,iap,1.0,80,31.55,"normaal ecg, mogelijk inferior afwijkingen",0.5,15,62.45
EF,102,Case-16,hoofdstamstenose,1.0,40,32.09,"hoofdstamstenose, demand ischemie",1.0,40,94.86
EF,102,Case-17,nstemi,0.5,55,46.45,nstemi,0.5,60,51.04
EF,102,Case-19,nstemi,1.0,40,30.86,doorgemaakte ischemie inferior,0.5,25,54.25
EF,103,Case-01,nstemi,1.0,17,157.52,inferolateraal infarct doorgemaakt,0.5,24,86.41
EF,103,Case-02,pyrosis,1.0,25,51.38,inferior stemi,0.0,25,70.22
EF,103,Case-03,not cardiac,1.0,27,28.13,¿,0.0,1,99.58
EF,103,Case-07,pericarditis,1.0,24,55.75,pericarditis,1.0,41,45.94
EF,103,Case-08,left main stenosis,0.5,30,34.17,left main stenosis,0.5,22,50.40
EF,103,Case-09,pneumonie,0.0,22,77.98,copd,0.0,12,49.01
EF,103,Case-12,nstemi,0.0,32,32.21,non cardiac,1.0,31,17.74
EF,103,Case-13,nstemi,1.0,11,56.34,?,0.0,25,45.77
EF,103,Case-15,nstemi,1.0,23,19.95,noncardiac,0.0,18,16.94
EF,103,Case-16,nstemi,1.0,20,28.61,stc met 1e gr blok,0.0,25,34.10
EF,103,Case-17,stress,0.5,42,33.20,doorgemaakt inferolateraal infarct,0.0,17,30.19
EF,103,Case-19,nstemi,1.0,3,21.19,doorgemaakt inferior infarct,0.5,22,31.15
EF,104,Case-01,nstemi,1.0,50,138.64,nstemi,1.0,47,127.55
EF,104,Case-02,dyspepsie,1.0,76,100.34,pericarditis,1.0,31,68.79
EF,104,Case-03,spierpijn,1.0,69,34.98,vroege repolarisatei,1.0,28,77.59
EF,104,Case-07,pericarditis,1.0,80,50.95,pericarditis,1.0,47,51.53
EF,104,Case-08,nstemi,1.0,76,19.58,nstemi,1.0,27,18.61
EF,104,Case-09,doorgemaakt infarct,0.0,48,36.25,decompensatio cordis,0.0,15,66.73
EF,104,Case-12,coronairspasme,0.0,23,46.87,niet cardiaal,1.0,26,33.55
EF,104,Case-13,nstemi,1.0,20,25.10,mitralisklepinsufficientie,0.0,12,63.20
EF,104,Case-15,angina pectoris,1.0,46,18.10,niet cardiaal,0.0,46,29.53
EF,104,Case-16,ap,1.0,36,38.78,longembolie,0.0,15,40.32
EF,104,Case-17,doorgemaakt ipl infarct,0.0,74,21.13,doorgemaakt ipl infarct,0.0,26,21.76
EF,104,Case-19,nstemi,1.0,64,18.37,doorgemaakt posterior infarct,0.5,16,37.43
EF,105,Case-01,acs,1.0,34,116.96,cardiac mimicking,0.0,50,81.30
EF,105,Case-02,perimyocarditis,0.5,61,89.41,sr met vroege repolarisatie.,1.0,70,58.25
EF,105,Case-03,pericarditis,0.0,58,35.83,pericarditis,0.0,55,72.40
EF,105,Case-07,pericarditis,1.0,78,59.88,inferoseptaal infarct,0.0,35,66.23
EF,105,Case-08,stabiele ap,0.0,64,41.35,ischemie,1.0,60,46.55
EF,105,Case-09,pe met instroombelemmering,0.0,36,89.46,tamponade,0.0,63,75.95
EF,105,Case-12,nstemi,0.0,63,194.89,sr,0.0,57,26.68
EF,105,Case-13,nst,1.0,39,44.64,nstemi,1.0,32,223.68
EF,105,Case-16,nstemi,1.0,36,24.85,hs stenose,1.0,26,24.05
EF,105,Case-17,nstemi,0.5,39,16.45,nstemi,0.5,37,22.79
EF,105,Case-19,atypisch pob,0.0,24,52.02,sr,0.0,20,28.31
EF,106,Case-01,nstemi,1.0,65,59.82,nstemi,1.0,59,62.98
EF,106,Case-02,pericarditis en maagklachten,1.0,61,85.63,pericarditis,1.0,70,51.11
EF,106,Case-03,maagklachten,0.5,25,94.43,stemi inferolateraal,0.0,28,73.07
EF,106,Case-07,pericarditis,1.0,73,39.62,stemi,0.0,78,38.22
EF,106,Case-08,ap klachten,1.0,59,53.26,subendocardiale ischemie,0.0,57,203.63
EF,106,Case-09,pericarditis,0.0,57,34.38,tamponade,0.0,57,110.89
EF,106,Case-12,nstemi,0.0,57,94.68,nstemi,0.0,52,57.48
EF,106,Case-13,nstemi,1.0,67,30.97,nstemi,1.0,41,79.82
EF,106,Case-15,nstemi,1.0,58,80.95,nstemi,1.0,20,31.73
EF,106,Case-16,angina pectoris,1.0,67,61.94,angina pectoris,1.0,52,27.92
EF,106,Case-17,angina pectoris,0.5,56,38.92,angina pectoris,0.5,58,35.96
EF,106,Case-19,nstemi,1.0,60,37.24,angina pectoris,1.0,36,29.42
EF,107,Case-01,restenose rca,0.5,52,40.56,doorgemaakt onderwandinfarct,0.5,94,62.56
EF,107,Case-02,pericarditis,1.0,97,44.77,acuut onderwandinfarct,0.0,66,70.04
EF,107,Case-03,gastro-esofageale reflux,1.0,56,113.38,acuut inferolateraal infarct,0.0,97,51.70
EF,107,Case-07,pericarditis,1.0,96,44.73,pericarditis,1.0,49,71.89
EF,107,Case-08,angina pectoris,1.0,51,84.18,subendocardiale ischemie,0.0,51,114.20
EF,107,Case-09,pericarditis met pericardeffusie,0.0,97,56.73,tamponade,0.0,48,92.38
EF,107,Case-12,paroxysmaal af,0.0,77,80.26,niet cardiaal,1.0,37,73.83
EF,107,Case-13,nstemi (met mitralisklepruptuur),0.5,68,46.56,mitralisinsufficientie,0.0,68,83.19
EF,107,Case-15,nstemi,1.0,64,111.86,nstemi,1.0,49,27.58
EF,107,Case-16,hoofdstamstenose,1.0,97,26.67,panischemie,1.0,65,65.70
EF,107,Case-17,infero-anterolateraal infarct,0.0,61,60.61,infero-anterolateraal infarct,0.0,51,129.65
EF,107,Case-19,nstemi,1.0,59,21.82,nstemi,1.0,48,23.36
EF,108,Case-01,mogelijk nieuwe ischemie,1.0,77,202.58,doorgemaakt onderwandinfarct in,1.0,68,61.09
EF,108,Case-02,maagklachten,1.0,72,53.17,"pericarditis, toch infact",0.5,69,74.83
EF,108,Case-03,"maagklachten, costa myslgeen",1.0,84,46.83,"pericarditis, masgklachten",0.5,35,55.19
EF,108,Case-07,pericarditis,1.0,66,58.26,pericarditis,1.0,65,128.48
EF,108,Case-08,acs,1.0,64,37.23,lvh,0.0,60,33.38
EF,108,Case-09,hartfalen,0.0,57,60.74,hypertensie,0.0,28,152.34
EF,108,Case-12,acs,0.0,28,55.34,doorgemaakt onderwand infarct,0.0,57,69.42
EF,109,Case-01,nstemi,1.0,72,70.84,ischemie inferolateraal,0.5,63,103.07
EF,109,Case-02,maagklachten,1.0,79,41.45,pericarditis,1.0,65,94.01
EF,109,Case-03,hyperventilatie,1.0,67,34.36,pericarditis,0.0,72,42.41
EF,109,Case-07,pericarditis,1.0,84,22.86,pericarditis,1.0,66,46.95
EF,109,Case-08,nstemi,1.0,79,28.24,nstemi,1.0,60,51.53
EF,109,Case-09,stemi,0.0,64,40.39,stemi,0.0,51,148.10
EF,109,Case-12,nstemi,0.0,49,66.97,normaal ecg,1.0,82,62.69
EF,109,Case-13,nstemi,1.0,56,32.91,nstemi,1.0,51,53.11
EF,109,Case-15,nstemi,1.0,73,39.73,normaal ecg,1.0,82,33.82
EF,109,Case-16,nstemi,1.0,68,29.64,panischemie,1.0,73,55.79
EF,109,Case-17,tako tsubo danwel nstemi,0.0,58,41.94,nstemi,0.5,75,26.50
EF,109,Case-19,nstemi,1.0,62,33.94,normaal ecg,0.0,56,41.58
EF,110,Case-01,acs,1.0,43,49.76,doorgemaakt ischemie,1.0,30,59.37
EF,110,Case-02,gastritis of reflux,1.0,74,48.45,pericarditis,1.0,71,26.00
EF,110,Case-03,nonspecifieke thoracale pijn,1.0,80,83.19,acs,0.0,40,57.45
EF,110,Case-07,pericarditis,1.0,89,45.67,acs,0.0,46,50.67
EF,110,Case-08,acs,1.0,65,31.18,hyperttensie,0.0,65,37.86
EF,110,Case-09,ischemie,1.0,38,70.63,pulmonale belasting,0.0,40,90.89
EF,110,Case-12,niet cardiaal,1.0,79,136.08,normaal,1.0,93,42.75
EF,110,Case-13,acs,1.0,90,25.29,acs,1.0,42,17.06
EF,110,Case-15,acs,1.0,94,32.85,normaal ecg,1.0,74,30.21
EF,110,Case-16,acs,1.0,80,26.90,als 3vd,1.0,76,42.72
EF,110,Case-17,takotsubo,0.5,86,119.13,strain,0.0,72,24.92
EF,110,Case-19,viraal infect,0.0,67,59.03,hypertensie,0.0,75,12.09
EF,111,Case-01,ischemie,1.0,70,138.83,doorgemaakte ischemie ipl gebied,0.5,80,25.71
EF,111,Case-02,gastrointestinale klachten,1.0,70,57.19,pericarditis,1.0,69,109.33
EF,111,Case-03,hyperventilatie,1.0,30,53.94,infarct,0.0,37,49.85
EF,111,Case-07,pericarditis,1.0,76,27.70,pericarditis,1.0,45,71.13
EF,111,Case-08,acs,1.0,59,37.26,strain,0.0,50,59.06
EF,111,Case-09,ischemie,1.0,50,64.35,longembolie,0.0,40,40.33
EF,111,Case-12,viraal infect,0.0,70,86.20,normaal,1.0,70,54.18
EF,111,Case-13,ischemie,1.0,85,38.27,ischemie,1.0,80,54.73
EF,111,Case-15,acs,1.0,97,47.54,normaal,0.0,90,31.46
EF,111,Case-16,ischemie,1.0,81,45.87,eerstegraads av blok,0.0,70,51.98
EF,111,Case-17,raktakotsubo,0.0,56,124.95,acs,0.5,90,29.20
EF,111,Case-19,infectie,0.0,49,34.47,longprobleem,0.0,80,39.04
EF,112,Case-01,instabiele ap,1.0,23,420.38,diffuus vlakke st segmenten,0.5,38,53.86
EF,112,Case-02,"atypische thoracale pijn, niet verdacht voor cardiale ischemie",1.0,81,130.49,"niet evident afwijkend ecg, vroege repolarisatie, mogelijk pta depressie",0.5,55,130.42
EF,112,Case-03,atypische thoracale pijn,1.0,73,41.08,"diffuus iets opgetrokken st segmenten, mogelijk pericarditis",0.0,18,69.64
EF,112,Case-07,pericarditis,1.0,72,61.27,st elevaties inferior en anterior,0.0,49,123.81
EF,112,Case-08,ischemie,1.0,73,44.24,stemi,0.5,67,68.01
EF,113,Case-01,"inferolateraal negatieve ts en minimale st depressie (geen oud ecg), verdenking nstemi, stenose plcx restenose rca",0.5,63,86.60,"inferolateraal negatieve ts en minimale st depressie (geen oud ecg), verdenking nstemi, stenose plcx restenose rca",0.5,74,35.91
EF,113,Case-02,"nog steeds verdenking acs, opnieuw ecg maken om te zien of het dynamisch is, troponines",0.0,63,108.83,"indien neg, vroege repolarisatie",0.0,70,91.66
EF,113,Case-03,"vroege repolarisatie, acs nog niet uitgesloten",1.0,62,41.76,stemi ipl,0.0,71,31.61
EF,113,Case-07,stemi ipl,0.0,69,19.76,"acs, verdenking stemi ipl",0.0,63,53.79
EF,113,Case-08,"acs, cardiomypathie",1.0,59,56.12,"komvormige st depressie inferolateraal, kan passen digoxine intoxicatie, acs nog niet uitgesloten",0.0,41,121.56
EF,115,Case-01,nstemi,1.0,73,52.30,nstemi,1.0,61,142.05
EF,115,Case-02,stemi inferior,0.0,62,123.96,stemi inferior,0.0,71,42.42
EF,115,Case-03,atypische pob (tendomyogeen),1.0,76,73.97,pericarditis,0.0,68,60.69
EF,115,Case-07,pericarditis,1.0,89,29.55,pericarditis,1.0,79,44.86
EF,115,Case-12,nstemi,0.0,62,41.46,acs,0.0,18,45.04
EF,115,Case-13,nstemi,1.0,68,77.51,rv hypertrofie,0.0,32,44.33
EF,115,Case-15,stemi,0.0,100,45.16,acs,1.0,24,54.90
EF,115,Case-16,nstemi,1.0,69,30.64,nstemi,1.0,22,100.45
EF,116,Case-01,nstemi bij vg van oud inferoposterior infarct,1.0,85,152.09,oud infero-posterior infarct,1.0,70,118.94
EF,116,Case-02,stemi,0.0,84,50.02,stemi inferior,0.0,70,70.07
EF,116,Case-03,tendomyogeen (vroege repolarisatie),1.0,70,52.95,pericarditis,0.0,59,54.40
EF,116,Case-07,pericarditis,1.0,96,28.96,pericarditis,1.0,85,36.50
EF,116,Case-08,panischemie (elevatie avr),0.5,80,43.82,panischemie,0.5,70,89.79
EF,116,Case-09,tachycardie bij lwi/pneumonie,0.0,70,90.73,"sinustach, rechteras, le?",0.0,55,103.00
EF,116,Case-12,klachten bij conversie van af naar sr,0.0,75,99.21,gb,1.0,55,57.61
EF,116,Case-13,nstemi,1.0,80,32.83,nstemi (neg t inf),1.0,70,55.83
EF,116,Case-15,nstemi,1.0,77,58.47,gb,0.0,60,26.95
EF,116,Case-16,nstemi,1.0,85,36.39,oud inf infarct en nstemi,0.5,65,48.28
EF,116,Case-17,nstemi,0.5,80,44.04,kort pr interval en nstemi,0.0,69,47.32
EF,116,Case-19,nstemi,1.0,80,32.10,preexcitatie (v2),0.0,66,43.09
